"count","name","unicode","bytes","emojiid","emoji","rencoding","dens","dens.sm","rank"
1370,"american football","U+1F3C8","\xF0\x9F\x8F\x88",413,"ğŸˆ","<ed><a0><bc><ed><bf><88>",28,0.0279721706486034,1
587,"face with tears of joy","U+1F602","\xF0\x9F\x98\x82",2,"ğŸ˜‚","<ed><a0><bd><ed><b8><82>",12,0.0119968171709546,2
295,"regional indicator symbol letter u + regional indicator symbol letter s","U+1F1FA U+1F1F8","\xF0\x9F\x87\xBA\xF0\x9F\x87\xB8",145,"ğŸ‡ºğŸ‡¸","<ed><a0><bc><ed><b7><ba><ed><a0><bc><ed><b7><b8>",6,0.0060392140860588,3
279,"heavy black heart","U+2764","\xE2\x9D\xA4",81,"â¤","<e2><9d><a4>",5.7,0.00571277008140697,4
257,"clapping hands sign","U+1F44F","\xF0\x9F\x91\x8F",490,"ğŸ‘","<ed><a0><bd><ed><b1><8f>",5.2,0.00526390957501071,5
244,"person raising both hands in celebration","U+1F64C","\xF0\x9F\x99\x8C",55,"ğŸ™Œ","<ed><a0><bd><ed><b9><8c>",5,0.0049986738212311,6
191,"smiling face with heart-shaped eyes","U+1F60D","\xF0\x9F\x98\x8D",11,"ğŸ˜","<ed><a0><bd><ed><b8><8d>",3.9,0.00391732805582192,7
165,"fire","U+1F525","\xF0\x9F\x94\xA5",680,"ğŸ”¥","<ed><a0><bd><ed><b4><a5>",3.4,0.00338685654826271,8
133,"thumbs up sign","U+1F44D","\xF0\x9F\x91\x8D",488,"ğŸ‘","<ed><a0><bd><ed><b1><8d>",2.7,0.00273396853895905,9
125,"trophy","U+1F3C6","\xF0\x9F\x8F\x86",412,"ğŸ†","<ed><a0><bc><ed><bf><86>",2.6,0.00257074653663314,10
125,"flexed biceps","U+1F4AA","\xF0\x9F\x92\xAA",578,"ğŸ’ª","<ed><a0><bd><ed><b2><aa>",2.6,0.00257074653663314,11
120,"loudly crying face","U+1F62D","\xF0\x9F\x98\xAD",32,"ğŸ˜­","<ed><a0><bd><ed><b8><ad>",2.4,0.00246873278517944,12
107,"eyes","U+1F440","\xF0\x9F\x91\x80",476,"ğŸ‘€","<ed><a0><bd><ed><b1><80>",2.2,0.00220349703139983,13
75,"smiling face with sunglasses","U+1F60E","\xF0\x9F\x98\x8E",723,"ğŸ˜","<ed><a0><bd><ed><b8><8e>",1.5,0.00155060902209618,14
74,"ok hand sign","U+1F44C","\xF0\x9F\x91\x8C",487,"ğŸ‘Œ","<ed><a0><bd><ed><b1><8c>",1.5,0.00153020627180544,15
72,"green heart","U+1F49A","\xF0\x9F\x92\x9A",562,"ğŸ’š","<ed><a0><bd><ed><b2><9a>",1.5,0.00148940077122396,16
71,"blue heart","U+1F499","\xF0\x9F\x92\x99",561,"ğŸ’™","<ed><a0><bd><ed><b2><99>",1.4,0.00146899802093322,17
69,"grinning face with smiling eyes","U+1F601","\xF0\x9F\x98\x81",1,"ğŸ˜","<ed><a0><bd><ed><b8><81>",1.4,0.00142819252035174,18
68,"goat","U+1F410","\xF0\x9F\x90\x90",805,"ğŸ","<ed><a0><bd><ed><b0><90>",1.4,0.001407789770061,19
66,"hundred points symbol","U+1F4AF","\xF0\x9F\x92\xAF",582,"ğŸ’¯","<ed><a0><bd><ed><b2><af>",1.3,0.00136698426947953,20
61,"party popper","U+1F389","\xF0\x9F\x8E\x89",364,"ğŸ‰","<ed><a0><bc><ed><be><89>",1.2,0.00126497051802583,21
60,"person with folded hands","U+1F64F","\xF0\x9F\x99\x8F",58,"ğŸ™","<ed><a0><bd><ed><b9><8f>",1.2,0.00124456776773509,22
55,"flushed face","U+1F633","\xF0\x9F\x98\xB3",36,"ğŸ˜³","<ed><a0><bd><ed><b8><b3>",1.1,0.00114255401628139,23
53,"winking face","U+1F609","\xF0\x9F\x98\x89",7,"ğŸ˜‰","<ed><a0><bd><ed><b8><89>",1.1,0.00110174851569992,24
51,"unamused face","U+1F612","\xF0\x9F\x98\x92",13,"ğŸ˜’","<ed><a0><bd><ed><b8><92>",1,0.00106094301511844,25
51,"face screaming in fear","U+1F631","\xF0\x9F\x98\xB1",34,"ğŸ˜±","<ed><a0><bd><ed><b8><b1>",1,0.00106094301511844,26
51,"two hearts","U+1F495","\xF0\x9F\x92\x95",557,"ğŸ’•","<ed><a0><bd><ed><b2><95>",1,0.00106094301511844,27
48,"fisted hand sign","U+1F44A","\xF0\x9F\x91\x8A",485,"ğŸ‘Š","<ed><a0><bd><ed><b1><8a>",1,0.00099973476424622,28
46,"weary face","U+1F629","\xF0\x9F\x98\xA9",29,"ğŸ˜©","<ed><a0><bd><ed><b8><a9>",0.9,0.000958929263664742,29
44,"multiple musical notes","U+1F3B6","\xF0\x9F\x8E\xB6",397,"ğŸ¶","<ed><a0><bc><ed><be><b6>",0.9,0.000918123763083264,30
43,"microphone","U+1F3A4","\xF0\x9F\x8E\xA4",379,"ğŸ¤","<ed><a0><bc><ed><be><a4>",0.9,0.000897721012792524,31
42,"clinking beer mugs","U+1F37B","\xF0\x9F\x8D\xBB",354,"ğŸ»","<ed><a0><bc><ed><bd><bb>",0.9,0.000877318262501785,32
42,"rugby football","U+1F3C9","\xF0\x9F\x8F\x89",790,"ğŸ‰","<ed><a0><bc><ed><bf><89>",0.9,0.000877318262501785,33
38,"face with stuck-out tongue and winking eye","U+1F61C","\xF0\x9F\x98\x9C",19,"ğŸ˜œ","<ed><a0><bd><ed><b8><9c>",0.8,0.000795707261338828,34
36,"smiling face with open mouth and smiling eyes","U+1F604","\xF0\x9F\x98\x84",4,"ğŸ˜„","<ed><a0><bd><ed><b8><84>",0.7,0.00075490176075735,35
36,"smiling face with smiling eyes","U+1F60A","\xF0\x9F\x98\x8A",8,"ğŸ˜Š","<ed><a0><bd><ed><b8><8a>",0.7,0.00075490176075735,36
35,"smiling face with open mouth and tightly-closed eyes","U+1F606","\xF0\x9F\x98\x86",6,"ğŸ˜†","<ed><a0><bd><ed><b8><86>",0.7,0.000734499010466611,37
35,"grimacing face","U+1F62C","\xF0\x9F\x98\xAC",733,"ğŸ˜¬","<ed><a0><bd><ed><b8><ac>",0.7,0.000734499010466611,38
34,"victory hand","U+270C","\xE2\x9C\x8C",65,"âœŒ","<e2><9c><8c>",0.7,0.000714096260175872,39
33,"registered sign","U+00AE","\xC2\xAE",163,"Â®","<c2><ae>",0.7,0.000693693509885132,40
31,"smiling face with open mouth","U+1F603","\xF0\x9F\x98\x83",3,"ğŸ˜ƒ","<ed><a0><bd><ed><b8><83>",0.6,0.000652888009303654,41
31,"smiling face with open mouth and cold sweat","U+1F605","\xF0\x9F\x98\x85",5,"ğŸ˜…","<ed><a0><bd><ed><b8><85>",0.6,0.000652888009303654,42
31,"slice of pizza","U+1F355","\xF0\x9F\x8D\x95",316,"ğŸ•","<ed><a0><bc><ed><bd><95>",0.6,0.000652888009303654,43
30,"face with open mouth","U+1F62E","\xF0\x9F\x98\xAE",734,"ğŸ˜®","<ed><a0><bd><ed><b8><ae>",0.6,0.000632485259012915,44
30,"sleeping face","U+1F634","\xF0\x9F\x98\xB4",736,"ğŸ˜´","<ed><a0><bd><ed><b8><b4>",0.6,0.000632485259012915,45
28,"black heart suit","U+2665","\xE2\x99\xA5",225,"â™¥","<e2><99><a5>",0.6,0.000591679758431437,46
28,"sparkling heart","U+1F496","\xF0\x9F\x92\x96",558,"ğŸ’–","<ed><a0><bd><ed><b2><96>",0.6,0.000591679758431437,47
26,"crying face","U+1F622","\xF0\x9F\x98\xA2",24,"ğŸ˜¢","<ed><a0><bd><ed><b8><a2>",0.5,0.000550874257849958,48
26,"beer mug","U+1F37A","\xF0\x9F\x8D\xBA",353,"ğŸº","<ed><a0><bc><ed><bd><ba>",0.5,0.000550874257849958,49
25,"white right pointing backhand index","U+1F449","\xF0\x9F\x91\x89",484,"ğŸ‘‰","<ed><a0><bd><ed><b1><89>",0.5,0.000530471507559219,50
25,"television","U+1F4FA","\xF0\x9F\x93\xBA",650,"ğŸ“º","<ed><a0><bd><ed><b3><ba>",0.5,0.000530471507559219,51
24,"double exclamation mark","U+203C","\xE2\x80\xBC",164,"â€¼","<e2><80><bc>",0.5,0.00051006875726848,52
24,"collision symbol","U+1F4A5","\xF0\x9F\x92\xA5",573,"ğŸ’¥","<ed><a0><bd><ed><b2><a5>",0.5,0.00051006875726848,53
24,"grinning face","U+1F600","\xF0\x9F\x98\x80",720,"ğŸ˜€","<ed><a0><bd><ed><b8><80>",0.5,0.00051006875726848,54
22,"smirking face","U+1F60F","\xF0\x9F\x98\x8F",12,"ğŸ˜","<ed><a0><bd><ed><b8><8f>",0.4,0.000469263256687001,55
22,"raised fist","U+270A","\xE2\x9C\x8A",63,"âœŠ","<e2><9c><8a>",0.4,0.000469263256687001,56
22,"money bag","U+1F4B0","\xF0\x9F\x92\xB0",583,"ğŸ’°","<ed><a0><bd><ed><b2><b0>",0.4,0.000469263256687001,57
21,"face savouring delicious food","U+1F60B","\xF0\x9F\x98\x8B",9,"ğŸ˜‹","<ed><a0><bd><ed><b8><8b>",0.4,0.000448860506396262,58
20,"dog face","U+1F436","\xF0\x9F\x90\xB6",467,"ğŸ¶","<ed><a0><bd><ed><b0><b6>",0.4,0.000428457756105523,59
20,"thumbs down sign","U+1F44E","\xF0\x9F\x91\x8E",489,"ğŸ‘","<ed><a0><bd><ed><b1><8e>",0.4,0.000428457756105523,60
19,"face throwing a kiss","U+1F618","\xF0\x9F\x98\x98",17,"ğŸ˜˜","<ed><a0><bd><ed><b8><98>",0.4,0.000408055005814784,61
19,"pouting face","U+1F621","\xF0\x9F\x98\xA1",23,"ğŸ˜¡","<ed><a0><bd><ed><b8><a1>",0.4,0.000408055005814784,62
19,"see-no-evil monkey","U+1F648","\xF0\x9F\x99\x88",51,"ğŸ™ˆ","<ed><a0><bd><ed><b9><88>",0.4,0.000408055005814784,63
19,"growing heart","U+1F497","\xF0\x9F\x92\x97",559,"ğŸ’—","<ed><a0><bd><ed><b2><97>",0.4,0.000408055005814784,64
18,"sparkles","U+2728","\xE2\x9C\xA8",70,"âœ¨","<e2><9c><a8>",0.4,0.000387652255524045,65
18,"poultry leg","U+1F357","\xF0\x9F\x8D\x97",318,"ğŸ—","<ed><a0><bc><ed><bd><97>",0.4,0.000387652255524045,66
18,"information desk person","U+1F481","\xF0\x9F\x92\x81",537,"ğŸ’","<ed><a0><bd><ed><b2><81>",0.4,0.000387652255524045,67
18,"purple heart","U+1F49C","\xF0\x9F\x92\x9C",564,"ğŸ’œ","<ed><a0><bd><ed><b2><9c>",0.4,0.000387652255524045,68
17,"astonished face","U+1F632","\xF0\x9F\x98\xB2",35,"ğŸ˜²","<ed><a0><bd><ed><b8><b2>",0.3,0.000367249505233305,69
17,"white heavy check mark","U+2705","\xE2\x9C\x85",60,"âœ…","<e2><9c><85>",0.3,0.000367249505233305,70
17,"expressionless face","U+1F611","\xF0\x9F\x98\x91",725,"ğŸ˜‘","<ed><a0><bd><ed><b8><91>",0.3,0.000367249505233305,71
16,"pensive face","U+1F614","\xF0\x9F\x98\x94",15,"ğŸ˜”","<ed><a0><bd><ed><b8><94>",0.3,0.000346846754942566,72
15,"heavy check mark","U+2714","\xE2\x9C\x94",68,"âœ”","<e2><9c><94>",0.3,0.000326444004651827,73
14,"face with look of triumph","U+1F624","\xF0\x9F\x98\xA4",26,"ğŸ˜¤","<ed><a0><bd><ed><b8><a4>",0.3,0.000306041254361088,74
14,"white smiling face","U+263A","\xE2\x98\xBA",210,"â˜º","<e2><98><ba>",0.3,0.000306041254361088,75
14,"glowing star","U+1F31F","\xF0\x9F\x8C\x9F",282,"ğŸŒŸ","<ed><a0><bc><ed><bc><9f>",0.3,0.000306041254361088,76
14,"white down pointing backhand index","U+1F447","\xF0\x9F\x91\x87",482,"ğŸ‘‡","<ed><a0><bd><ed><b1><87>",0.3,0.000306041254361088,77
14,"large red circle","U+1F534","\xF0\x9F\x94\xB4",693,"ğŸ”´","<ed><a0><bd><ed><b4><b4>",0.3,0.000306041254361088,78
13,"police cars revolving light","U+1F6A8","\xF0\x9F\x9A\xA8",106,"ğŸš¨","<ed><a0><bd><ed><ba><a8>",0.3,0.000285638504070349,79
13,"regional indicator symbol letter g + regional indicator symbol letter b","U+1F1EC U+1F1E7","\xF0\x9F\x87\xAC\xF0\x9F\x87\xA7",138,"ğŸ‡¬ğŸ‡§","<ed><a0><bc><ed><b7><ac><ed><a0><bc><ed><b7><a7>",0.3,0.000285638504070349,80
13,"musical note","U+1F3B5","\xF0\x9F\x8E\xB5",396,"ğŸµ","<ed><a0><bc><ed><be><b5>",0.3,0.000285638504070349,81
13,"pile of poo","U+1F4A9","\xF0\x9F\x92\xA9",577,"ğŸ’©","<ed><a0><bd><ed><b2><a9>",0.3,0.000285638504070349,82
12,"face with stuck-out tongue and tightly-closed eyes","U+1F61D","\xF0\x9F\x98\x9D",20,"ğŸ˜","<ed><a0><bd><ed><b8><9d>",0.2,0.000265235753779609,83
12,"happy person raising one hand","U+1F64B","\xF0\x9F\x99\x8B",54,"ğŸ™‹","<ed><a0><bd><ed><b9><8b>",0.2,0.000265235753779609,84
12,"black right-pointing triangle","U+25B6","\xE2\x96\xB6",197,"â–¶","<e2><96><b6>",0.2,0.000265235753779609,85
12,"skull","U+1F480","\xF0\x9F\x92\x80",536,"ğŸ’€","<ed><a0><bd><ed><b2><80>",0.2,0.000265235753779609,86
12,"kiss mark","U+1F48B","\xF0\x9F\x92\x8B",547,"ğŸ’‹","<ed><a0><bd><ed><b2><8b>",0.2,0.000265235753779609,87
12,"camera","U+1F4F7","\xF0\x9F\x93\xB7",648,"ğŸ“·","<ed><a0><bd><ed><b3><b7>",0.2,0.000265235753779609,88
12,"hushed face","U+1F62F","\xF0\x9F\x98\xAF",735,"ğŸ˜¯","<ed><a0><bd><ed><b8><af>",0.2,0.000265235753779609,89
11,"face with medical mask","U+1F637","\xF0\x9F\x98\xB7",38,"ğŸ˜·","<ed><a0><bd><ed><b8><b7>",0.2,0.00024483300348887,90
11,"hamburger","U+1F354","\xF0\x9F\x8D\x94",315,"ğŸ”","<ed><a0><bc><ed><bd><94>",0.2,0.00024483300348887,91
11,"musical score","U+1F3BC","\xF0\x9F\x8E\xBC",403,"ğŸ¼","<ed><a0><bc><ed><be><bc>",0.2,0.00024483300348887,92
11,"crown","U+1F451","\xF0\x9F\x91\x91",492,"ğŸ‘‘","<ed><a0><bd><ed><b1><91>",0.2,0.00024483300348887,93
11,"neutral face","U+1F610","\xF0\x9F\x98\x90",724,"ğŸ˜","<ed><a0><bd><ed><b8><90>",0.2,0.00024483300348887,94
10,"dancer","U+1F483","\xF0\x9F\x92\x83",539,"ğŸ’ƒ","<ed><a0><bd><ed><b2><83>",0.2,0.000224430253198131,95
10,"ring","U+1F48D","\xF0\x9F\x92\x8D",549,"ğŸ’","<ed><a0><bd><ed><b2><8d>",0.2,0.000224430253198131,96
10,"large blue circle","U+1F535","\xF0\x9F\x94\xB5",694,"ğŸ”µ","<ed><a0><bd><ed><b4><b5>",0.2,0.000224430253198131,97
9,"persevering face","U+1F623","\xF0\x9F\x98\xA3",25,"ğŸ˜£","<ed><a0><bd><ed><b8><a3>",0.2,0.000204027502907392,98
9,"tired face","U+1F62B","\xF0\x9F\x98\xAB",31,"ğŸ˜«","<ed><a0><bd><ed><b8><ab>",0.2,0.000204027502907392,99
9,"black rightwards arrow","U+27A1","\xE2\x9E\xA1",85,"â¡","<e2><9e><a1>",0.2,0.000204027502907392,100
9,"white up pointing index","U+261D","\xE2\x98\x9D",209,"â˜","<e2><98><9d>",0.2,0.000204027502907392,101
9,"broken heart","U+1F494","\xF0\x9F\x92\x94",556,"ğŸ’”","<ed><a0><bd><ed><b2><94>",0.2,0.000204027502907392,102
9,"revolving hearts","U+1F49E","\xF0\x9F\x92\x9E",566,"ğŸ’","<ed><a0><bd><ed><b2><9e>",0.2,0.000204027502907392,103
9,"smiling face with horns","U+1F608","\xF0\x9F\x98\x88",722,"ğŸ˜ˆ","<ed><a0><bd><ed><b8><88>",0.2,0.000204027502907392,104
9,"face with stuck-out tongue","U+1F61B","\xF0\x9F\x98\x9B",729,"ğŸ˜›","<ed><a0><bd><ed><b8><9b>",0.2,0.000204027502907392,105
8,"alarm clock","U+23F0","\xE2\x8F\xB0",193,"â°","<e2><8f><b0>",0.2,0.000183624752616653,106
8,"high voltage sign","U+26A1","\xE2\x9A\xA1",232,"âš¡","<e2><9a><a1>",0.2,0.000183624752616653,107
8,"medium white circle","U+26AA","\xE2\x9A\xAA",233,"âšª","<e2><9a><aa>",0.2,0.000183624752616653,108
8,"soccer ball","U+26BD","\xE2\x9A\xBD",235,"âš½","<e2><9a><bd>",0.2,0.000183624752616653,109
8,"rainbow","U+1F308","\xF0\x9F\x8C\x88",270,"ğŸŒˆ","<ed><a0><bc><ed><bc><88>",0.2,0.000183624752616653,110
8,"confetti ball","U+1F38A","\xF0\x9F\x8E\x8A",365,"ğŸŠ","<ed><a0><bc><ed><be><8a>",0.2,0.000183624752616653,111
8,"money with wings","U+1F4B8","\xF0\x9F\x92\xB8",589,"ğŸ’¸","<ed><a0><bd><ed><b2><b8>",0.2,0.000183624752616653,112
8,"steam locomotive","U+1F682","\xF0\x9F\x9A\x82",739,"ğŸš‚","<ed><a0><bd><ed><ba><82>",0.2,0.000183624752616653,113
7,"disappointed but relieved face","U+1F625","\xF0\x9F\x98\xA5",27,"ğŸ˜¥","<ed><a0><bd><ed><b8><a5>",0.1,0.000163222002325914,114
7,"rocket","U+1F680","\xF0\x9F\x9A\x80",87,"ğŸš€","<ed><a0><bd><ed><ba><80>",0.1,0.000163222002325914,115
7,"trade mark sign","U+2122","\xE2\x84\xA2",177,"â„¢","<e2><84><a2>",0.1,0.000163222002325914,116
7,"downwards black arrow","U+2B07","\xE2\xAC\x87",251,"â¬‡","<e2><ac><87>",0.1,0.000163222002325914,117
7,"four leaf clover","U+1F340","\xF0\x9F\x8D\x80",297,"ğŸ€","<ed><a0><bc><ed><bd><80>",0.1,0.000163222002325914,118
7,"movie camera","U+1F3A5","\xF0\x9F\x8E\xA5",380,"ğŸ¥","<ed><a0><bc><ed><be><a5>",0.1,0.000163222002325914,119
7,"waving hand sign","U+1F44B","\xF0\x9F\x91\x8B",486,"ğŸ‘‹","<ed><a0><bd><ed><b1><8b>",0.1,0.000163222002325914,120
7,"beating heart","U+1F493","\xF0\x9F\x92\x93",555,"ğŸ’“","<ed><a0><bd><ed><b2><93>",0.1,0.000163222002325914,121
7,"sleeping symbol","U+1F4A4","\xF0\x9F\x92\xA4",572,"ğŸ’¤","<ed><a0><bd><ed><b2><a4>",0.1,0.000163222002325914,122
7,"banknote with dollar sign","U+1F4B5","\xF0\x9F\x92\xB5",588,"ğŸ’µ","<ed><a0><bd><ed><b2><b5>",0.1,0.000163222002325914,123
7,"confused face","U+1F615","\xF0\x9F\x98\x95",726,"ğŸ˜•","<ed><a0><bd><ed><b8><95>",0.1,0.000163222002325914,124
6,"relieved face","U+1F60C","\xF0\x9F\x98\x8C",10,"ğŸ˜Œ","<ed><a0><bd><ed><b8><8c>",0.1,0.000142819252035174,125
6,"heavy exclamation mark symbol","U+2757","\xE2\x9D\x97",80,"â—","<e2><9d><97>",0.1,0.000142819252035174,126
6,"white medium star","U+2B50","\xE2\xAD\x90",254,"â­","<e2><ad><90>",0.1,0.000142819252035174,127
6,"palm tree","U+1F334","\xF0\x9F\x8C\xB4",286,"ğŸŒ´","<ed><a0><bc><ed><bc><b4>",0.1,0.000142819252035174,128
6,"wine glass","U+1F377","\xF0\x9F\x8D\xB7",350,"ğŸ·","<ed><a0><bc><ed><bd><b7>",0.1,0.000142819252035174,129
6,"headphone","U+1F3A7","\xF0\x9F\x8E\xA7",382,"ğŸ§","<ed><a0><bc><ed><be><a7>",0.1,0.000142819252035174,130
6,"yellow heart","U+1F49B","\xF0\x9F\x92\x9B",563,"ğŸ’›","<ed><a0><bd><ed><b2><9b>",0.1,0.000142819252035174,131
6,"mobile phone with rightwards arrow at left","U+1F4F2","\xF0\x9F\x93\xB2",644,"ğŸ“²","<ed><a0><bd><ed><b3><b2>",0.1,0.000142819252035174,132
6,"smiling face with halo","U+1F607","\xF0\x9F\x98\x87",721,"ğŸ˜‡","<ed><a0><bd><ed><b8><87>",0.1,0.000142819252035174,133
5,"face with cold sweat","U+1F613","\xF0\x9F\x98\x93",14,"ğŸ˜“","<ed><a0><bd><ed><b8><93>",0.1,0.000122416501744435,134
5,"confounded face","U+1F616","\xF0\x9F\x98\x96",16,"ğŸ˜–","<ed><a0><bd><ed><b8><96>",0.1,0.000122416501744435,135
5,"disappointed face","U+1F61E","\xF0\x9F\x98\x9E",21,"ğŸ˜","<ed><a0><bd><ed><b8><9e>",0.1,0.000122416501744435,136
5,"face with open mouth and cold sweat","U+1F630","\xF0\x9F\x98\xB0",33,"ğŸ˜°","<ed><a0><bd><ed><b8><b0>",0.1,0.000122416501744435,137
5,"speak-no-evil monkey","U+1F64A","\xF0\x9F\x99\x8A",53,"ğŸ™Š","<ed><a0><bd><ed><b9><8a>",0.1,0.000122416501744435,138
5,"cross mark","U+274C","\xE2\x9D\x8C",75,"âŒ","<e2><9d><8c>",0.1,0.000122416501744435,139
5,"black sun with rays","U+2600","\xE2\x98\x80",203,"â˜€","<e2><98><80>",0.1,0.000122416501744435,140
5,"french fries","U+1F35F","\xF0\x9F\x8D\x9F",326,"ğŸŸ","<ed><a0><bc><ed><bd><9f>",0.1,0.000122416501744435,141
5,"balloon","U+1F388","\xF0\x9F\x8E\x88",363,"ğŸˆ","<ed><a0><bc><ed><be><88>",0.1,0.000122416501744435,142
5,"tongue","U+1F445","\xF0\x9F\x91\x85",480,"ğŸ‘…","<ed><a0><bd><ed><b1><85>",0.1,0.000122416501744435,143
5,"nail polish","U+1F485","\xF0\x9F\x92\x85",541,"ğŸ’…","<ed><a0><bd><ed><b2><85>",0.1,0.000122416501744435,144
5,"heart with arrow","U+1F498","\xF0\x9F\x92\x98",560,"ğŸ’˜","<ed><a0><bd><ed><b2><98>",0.1,0.000122416501744435,145
4,"angry face","U+1F620","\xF0\x9F\x98\xA0",22,"ğŸ˜ ","<ed><a0><bd><ed><b8><a0>",0.1,0.000102013751453696,146
4,"sleepy face","U+1F62A","\xF0\x9F\x98\xAA",30,"ğŸ˜ª","<ed><a0><bd><ed><b8><aa>",0.1,0.000102013751453696,147
4,"cat face with tears of joy","U+1F639","\xF0\x9F\x98\xB9",40,"ğŸ˜¹","<ed><a0><bd><ed><b8><b9>",0.1,0.000102013751453696,148
4,"smiling cat face with heart-shaped eyes","U+1F63B","\xF0\x9F\x98\xBB",42,"ğŸ˜»","<ed><a0><bd><ed><b8><bb>",0.1,0.000102013751453696,149
4,"hear-no-evil monkey","U+1F649","\xF0\x9F\x99\x89",52,"ğŸ™‰","<ed><a0><bd><ed><b9><89>",0.1,0.000102013751453696,150
4,"no entry sign","U+1F6AB","\xF0\x9F\x9A\xAB",109,"ğŸš«","<ed><a0><bd><ed><ba><ab>",0.1,0.000102013751453696,151
4,"negative squared latin capital letter b","U+1F171","\xF0\x9F\x85\xB1",123,"ğŸ…±","<ed><a0><bc><ed><b5><b1>",0.1,0.000102013751453696,152
4,"regional indicator symbol letter f + regional indicator symbol letter r","U+1F1EB U+1F1F7","\xF0\x9F\x87\xAB\xF0\x9F\x87\xB7",142,"ğŸ‡«ğŸ‡·","<ed><a0><bc><ed><b7><ab><ed><a0><bc><ed><b7><b7>",0.1,0.000102013751453696,153
4,"black right-pointing double triangle","U+23E9","\xE2\x8F\xA9",189,"â©","<e2><8f><a9>",0.1,0.000102013751453696,154
4,"umbrella with rain drops","U+2614","\xE2\x98\x94",207,"â˜”","<e2><98><94>",0.1,0.000102013751453696,155
4,"hot beverage","U+2615","\xE2\x98\x95",208,"â˜•","<e2><98><95>",0.1,0.000102013751453696,156
4,"tropical drink","U+1F379","\xF0\x9F\x8D\xB9",352,"ğŸ¹","<ed><a0><bc><ed><bd><b9>",0.1,0.000102013751453696,157
4,"fireworks","U+1F386","\xF0\x9F\x8E\x86",361,"ğŸ†","<ed><a0><bc><ed><be><86>",0.1,0.000102013751453696,158
4,"firework sparkler","U+1F387","\xF0\x9F\x8E\x87",362,"ğŸ‡","<ed><a0><bc><ed><be><87>",0.1,0.000102013751453696,159
4,"clapper board","U+1F3AC","\xF0\x9F\x8E\xAC",387,"ğŸ¬","<ed><a0><bc><ed><be><ac>",0.1,0.000102013751453696,160
4,"direct hit","U+1F3AF","\xF0\x9F\x8E\xAF",390,"ğŸ¯","<ed><a0><bc><ed><be><af>",0.1,0.000102013751453696,161
4,"splashing sweat symbol","U+1F4A6","\xF0\x9F\x92\xA6",574,"ğŸ’¦","<ed><a0><bd><ed><b2><a6>",0.1,0.000102013751453696,162
4,"dash symbol","U+1F4A8","\xF0\x9F\x92\xA8",576,"ğŸ’¨","<ed><a0><bd><ed><b2><a8>",0.1,0.000102013751453696,163
4,"dizzy symbol","U+1F4AB","\xF0\x9F\x92\xAB",579,"ğŸ’«","<ed><a0><bd><ed><b2><ab>",0.1,0.000102013751453696,164
4,"worried face","U+1F61F","\xF0\x9F\x98\x9F",730,"ğŸ˜Ÿ","<ed><a0><bd><ed><b8><9f>",0.1,0.000102013751453696,165
4,"new moon with face","U+1F31A","\xF0\x9F\x8C\x9A",780,"ğŸŒš","<ed><a0><bc><ed><bc><9a>",0.1,0.000102013751453696,166
3,"dizzy face","U+1F635","\xF0\x9F\x98\xB5",37,"ğŸ˜µ","<ed><a0><bd><ed><b8><b5>",0.1,8.16110011629568e-05,167
3,"digit one + combining enclosing keycap","U+0031 U+20E3","\x31\xE2\x83\xA3",170,"1âƒ£","1<e2><83><a3>",0.1,8.16110011629568e-05,168
3,"ballot box with check","U+2611","\xE2\x98\x91",206,"â˜‘","<e2><98><91>",0.1,8.16110011629568e-05,169
3,"baseball","U+26BE","\xE2\x9A\xBE",236,"âš¾","<e2><9a><be>",0.1,8.16110011629568e-05,170
3,"sunrise","U+1F305","\xF0\x9F\x8C\x85",267,"ğŸŒ…","<ed><a0><bc><ed><bc><85>",0.1,8.16110011629568e-05,171
3,"banana","U+1F34C","\xF0\x9F\x8D\x8C",308,"ğŸŒ","<ed><a0><bc><ed><bd><8c>",0.1,8.16110011629568e-05,172
3,"ribbon","U+1F380","\xF0\x9F\x8E\x80",355,"ğŸ€","<ed><a0><bc><ed><be><80>",0.1,8.16110011629568e-05,173
3,"birthday cake","U+1F382","\xF0\x9F\x8E\x82",357,"ğŸ‚","<ed><a0><bc><ed><be><82>",0.1,8.16110011629568e-05,174
3,"chicken","U+1F414","\xF0\x9F\x90\x94",436,"ğŸ”","<ed><a0><bd><ed><b0><94>",0.1,8.16110011629568e-05,175
3,"rabbit face","U+1F430","\xF0\x9F\x90\xB0",461,"ğŸ°","<ed><a0><bd><ed><b0><b0>",0.1,8.16110011629568e-05,176
3,"bear face","U+1F43B","\xF0\x9F\x90\xBB",472,"ğŸ»","<ed><a0><bd><ed><b0><bb>",0.1,8.16110011629568e-05,177
3,"paw prints","U+1F43E","\xF0\x9F\x90\xBE",475,"ğŸ¾","<ed><a0><bd><ed><b0><be>",0.1,8.16110011629568e-05,178
3,"white left pointing backhand index","U+1F448","\xF0\x9F\x91\x88",483,"ğŸ‘ˆ","<ed><a0><bd><ed><b1><88>",0.1,8.16110011629568e-05,179
3,"open hands sign","U+1F450","\xF0\x9F\x91\x90",491,"ğŸ‘","<ed><a0><bd><ed><b1><90>",0.1,8.16110011629568e-05,180
3,"woman","U+1F469","\xF0\x9F\x91\xA9",515,"ğŸ‘©","<ed><a0><bd><ed><b1><a9>",0.1,8.16110011629568e-05,181
3,"bomb","U+1F4A3","\xF0\x9F\x92\xA3",571,"ğŸ’£","<ed><a0><bd><ed><b2><a3>",0.1,8.16110011629568e-05,182
3,"books","U+1F4DA","\xF0\x9F\x93\x9A",623,"ğŸ“š","<ed><a0><bd><ed><b3><9a>",0.1,8.16110011629568e-05,183
3,"anguished face","U+1F627","\xF0\x9F\x98\xA7",732,"ğŸ˜§","<ed><a0><bd><ed><b8><a7>",0.1,8.16110011629568e-05,184
3,"face without mouth","U+1F636","\xF0\x9F\x98\xB6",737,"ğŸ˜¶","<ed><a0><bd><ed><b8><b6>",0.1,8.16110011629568e-05,185
2,"smiling cat face with open mouth","U+1F63A","\xF0\x9F\x98\xBA",41,"ğŸ˜º","<ed><a0><bd><ed><b8><ba>",0,6.12082508722176e-05,186
2,"weary cat face","U+1F640","\xF0\x9F\x99\x80",47,"ğŸ™€","<ed><a0><bd><ed><b9><80>",0,6.12082508722176e-05,187
2,"face with no good gesture","U+1F645","\xF0\x9F\x99\x85",48,"ğŸ™…","<ed><a0><bd><ed><b9><85>",0,6.12082508722176e-05,188
2,"face with ok gesture","U+1F646","\xF0\x9F\x99\x86",49,"ğŸ™†","<ed><a0><bd><ed><b9><86>",0,6.12082508722176e-05,189
2,"person bowing deeply","U+1F647","\xF0\x9F\x99\x87",50,"ğŸ™‡","<ed><a0><bd><ed><b9><87>",0,6.12082508722176e-05,190
2,"airplane","U+2708","\xE2\x9C\x88",61,"âœˆ","<e2><9c><88>",0,6.12082508722176e-05,191
2,"raised hand","U+270B","\xE2\x9C\x8B",64,"âœ‹","<e2><9c><8b>",0,6.12082508722176e-05,192
2,"snowflake","U+2744","\xE2\x9D\x84",73,"â„","<e2><9d><84>",0,6.12082508722176e-05,193
2,"black question mark ornament","U+2753","\xE2\x9D\x93",77,"â“","<e2><9d><93>",0,6.12082508722176e-05,194
2,"squared vs","U+1F19A","\xF0\x9F\x86\x9A",136,"ğŸ†š","<ed><a0><bc><ed><b6><9a>",0,6.12082508722176e-05,195
2,"regional indicator symbol letter d + regional indicator symbol letter e","U+1F1E9 U+1F1EA","\xF0\x9F\x87\xA9\xF0\x9F\x87\xAA",137,"ğŸ‡©ğŸ‡ª","<ed><a0><bc><ed><b7><a9><ed><a0><bc><ed><b7><aa>",0,6.12082508722176e-05,196
2,"regional indicator symbol letter j + regional indicator symbol letter p","U+1F1EF U+1F1F5","\xF0\x9F\x87\xAF\xF0\x9F\x87\xB5",140,"ğŸ‡¯ğŸ‡µ","<ed><a0><bc><ed><b7><af><ed><a0><bc><ed><b7><b5>",0,6.12082508722176e-05,197
2,"regional indicator symbol letter i + regional indicator symbol letter t","U+1F1EE U+1F1F9","\xF0\x9F\x87\xAE\xF0\x9F\x87\xB9",144,"ğŸ‡®ğŸ‡¹","<ed><a0><bc><ed><b7><ae><ed><a0><bc><ed><b7><b9>",0,6.12082508722176e-05,198
2,"digit zero + combining enclosing keycap","U+0030 U+20E3","\x30\xE2\x83\xA3",171,"0âƒ£","0<e2><83><a3>",0,6.12082508722176e-05,199
2,"digit two + combining enclosing keycap","U+0032 U+20E3","\x32\xE2\x83\xA3",172,"2âƒ£","2<e2><83><a3>",0,6.12082508722176e-05,200
2,"digit three + combining enclosing keycap","U+0033 U+20E3","\x33\xE2\x83\xA3",173,"3âƒ£","3<e2><83><a3>",0,6.12082508722176e-05,201
2,"white small square","U+25AB","\xE2\x96\xAB",196,"â–«","<e2><96><ab>",0,6.12082508722176e-05,202
2,"wheelchair symbol","U+267F","\xE2\x99\xBF",229,"â™¿","<e2><99><bf>",0,6.12082508722176e-05,203
2,"upwards black arrow","U+2B06","\xE2\xAC\x86",250,"â¬†","<e2><ac><86>",0,6.12082508722176e-05,204
2,"crescent moon","U+1F319","\xF0\x9F\x8C\x99",280,"ğŸŒ™","<ed><a0><bc><ed><bc><99>",0,6.12082508722176e-05,205
2,"rose","U+1F339","\xF0\x9F\x8C\xB9",290,"ğŸŒ¹","<ed><a0><bc><ed><bc><b9>",0,6.12082508722176e-05,206
2,"ear of maize","U+1F33D","\xF0\x9F\x8C\xBD",294,"ğŸŒ½","<ed><a0><bc><ed><bc><bd>",0,6.12082508722176e-05,207
2,"aubergine","U+1F346","\xF0\x9F\x8D\x86",303,"ğŸ†","<ed><a0><bc><ed><bd><86>",0,6.12082508722176e-05,208
2,"peach","U+1F351","\xF0\x9F\x8D\x91",312,"ğŸ‘","<ed><a0><bc><ed><bd><91>",0,6.12082508722176e-05,209
2,"steaming bowl","U+1F35C","\xF0\x9F\x8D\x9C",323,"ğŸœ","<ed><a0><bc><ed><bd><9c>",0,6.12082508722176e-05,210
2,"doughnut","U+1F369","\xF0\x9F\x8D\xA9",336,"ğŸ©","<ed><a0><bc><ed><bd><a9>",0,6.12082508722176e-05,211
2,"chocolate bar","U+1F36B","\xF0\x9F\x8D\xAB",338,"ğŸ«","<ed><a0><bc><ed><bd><ab>",0,6.12082508722176e-05,212
2,"fork and knife","U+1F374","\xF0\x9F\x8D\xB4",347,"ğŸ´","<ed><a0><bc><ed><bd><b4>",0,6.12082508722176e-05,213
2,"cocktail glass","U+1F378","\xF0\x9F\x8D\xB8",351,"ğŸ¸","<ed><a0><bc><ed><bd><b8>",0,6.12082508722176e-05,214
2,"wrapped present","U+1F381","\xF0\x9F\x8E\x81",356,"ğŸ","<ed><a0><bc><ed><be><81>",0,6.12082508722176e-05,215
2,"artist palette","U+1F3A8","\xF0\x9F\x8E\xA8",383,"ğŸ¨","<ed><a0><bc><ed><be><a8>",0,6.12082508722176e-05,216
2,"basketball and hoop","U+1F3C0","\xF0\x9F\x8F\x80",407,"ğŸ€","<ed><a0><bc><ed><bf><80>",0,6.12082508722176e-05,217
2,"runner","U+1F3C3","\xF0\x9F\x8F\x83",410,"ğŸƒ","<ed><a0><bc><ed><bf><83>",0,6.12082508722176e-05,218
2,"bird","U+1F426","\xF0\x9F\x90\xA6",452,"ğŸ¦","<ed><a0><bd><ed><b0><a6>",0,6.12082508722176e-05,219
2,"dolphin","U+1F42C","\xF0\x9F\x90\xAC",457,"ğŸ¬","<ed><a0><bd><ed><b0><ac>",0,6.12082508722176e-05,220
2,"tiger face","U+1F42F","\xF0\x9F\x90\xAF",460,"ğŸ¯","<ed><a0><bd><ed><b0><af>",0,6.12082508722176e-05,221
2,"horse face","U+1F434","\xF0\x9F\x90\xB4",465,"ğŸ´","<ed><a0><bd><ed><b0><b4>",0,6.12082508722176e-05,222
2,"pig nose","U+1F43D","\xF0\x9F\x90\xBD",474,"ğŸ½","<ed><a0><bd><ed><b0><bd>",0,6.12082508722176e-05,223
2,"white up pointing backhand index","U+1F446","\xF0\x9F\x91\x86",481,"ğŸ‘†","<ed><a0><bd><ed><b1><86>",0,6.12082508722176e-05,224
2,"baby","U+1F476","\xF0\x9F\x91\xB6",526,"ğŸ‘¶","<ed><a0><bd><ed><b1><b6>",0,6.12082508722176e-05,225
2,"princess","U+1F478","\xF0\x9F\x91\xB8",528,"ğŸ‘¸","<ed><a0><bd><ed><b1><b8>",0,6.12082508722176e-05,226
2,"lipstick","U+1F484","\xF0\x9F\x92\x84",540,"ğŸ’„","<ed><a0><bd><ed><b2><84>",0,6.12082508722176e-05,227
2,"love letter","U+1F48C","\xF0\x9F\x92\x8C",548,"ğŸ’Œ","<ed><a0><bd><ed><b2><8c>",0,6.12082508722176e-05,228
2,"gem stone","U+1F48E","\xF0\x9F\x92\x8E",550,"ğŸ’","<ed><a0><bd><ed><b2><8e>",0,6.12082508722176e-05,229
2,"heavy dollar sign","U+1F4B2","\xF0\x9F\x92\xB2",585,"ğŸ’²","<ed><a0><bd><ed><b2><b2>",0,6.12082508722176e-05,230
2,"cheering megaphone","U+1F4E3","\xF0\x9F\x93\xA3",632,"ğŸ“£","<ed><a0><bd><ed><b3><a3>",0,6.12082508722176e-05,231
2,"top with upwards arrow above","U+1F51D","\xF0\x9F\x94\x9D",672,"ğŸ”","<ed><a0><bd><ed><b4><9d>",0,6.12082508722176e-05,232
2,"pistol","U+1F52B","\xF0\x9F\x94\xAB",686,"ğŸ”«","<ed><a0><bd><ed><b4><ab>",0,6.12082508722176e-05,233
2,"statue of liberty","U+1F5FD","\xF0\x9F\x97\xBD",717,"ğŸ—½","<ed><a0><bd><ed><b7><bd>",0,6.12082508722176e-05,234
2,"kissing face with smiling eyes","U+1F619","\xF0\x9F\x98\x99",728,"ğŸ˜™","<ed><a0><bd><ed><b8><99>",0,6.12082508722176e-05,235
2,"put litter in its place symbol","U+1F6AE","\xF0\x9F\x9A\xAE",758,"ğŸš®","<ed><a0><bd><ed><ba><ae>",0,6.12082508722176e-05,236
2,"dog","U+1F415","\xF0\x9F\x90\x95",807,"ğŸ•","<ed><a0><bd><ed><b0><95>",0,6.12082508722176e-05,237
2,"two men holding hands","U+1F46C","\xF0\x9F\x91\xAC",811,"ğŸ‘¬","<ed><a0><bd><ed><b1><ac>",0,6.12082508722176e-05,238
2,"two women holding hands","U+1F46D","\xF0\x9F\x91\xAD",812,"ğŸ‘­","<ed><a0><bd><ed><b1><ad>",0,6.12082508722176e-05,239
2,"thought balloon","U+1F4AD","\xF0\x9F\x92\xAD",813,"ğŸ’­","<ed><a0><bd><ed><b2><ad>",0,6.12082508722176e-05,240
2,"clockwise rightwards and leftwards open circle arrows","U+1F501","\xF0\x9F\x94\x81",821,"ğŸ”","<ed><a0><bd><ed><b4><81>",0,6.12082508722176e-05,241
